code,product_name,brands,categories,energy-kcal_100g,carbohydrates_100g,sugars_100g,fiber_100g,proteins_100g,fat_100g,saturated-fat_100g,salt_100g,nova_group,nutriscore_grade,ingredients_text,url,last_modified_datetime
6290360092706,Medjool Dates Large Premium,India House,,,,,,,,,,,unknown,,https://in.openfoodfacts.org/product/6290360092706/medjool-dates-large-premium-india-house,2026-09-28T09:28:43Z
6290360092621,Medjool Dates Large Premium,India House,,,,,,,,,,,unknown,,https://in.openfoodfacts.org/product/6290360092621/medjool-dates-large-premium-india-house,2026-09-28T09:28:30Z
6290360094588,Medjool Dates Jumbo Premium,India House,,,,,,,,,,,unknown,,https://in.openfoodfacts.org/product/6290360094588/medjool-dates-jumbo-premium-india-house,2026-09-28T09:22:24Z
6290360092690,Medjool Dates Jumbo Premium,India House,,,,,,,,,,,unknown,,https://in.openfoodfacts.org/product/6290360092690/medjool-dates-jumbo-premium-india-house,2026-09-28T09:22:12Z
6290360094595,Medjool Dates Large Premium,India House,,,,,,,,,,,unknown,,https://in.openfoodfacts.org/product/6290360094595/medjool-dates-large-premium-india-house,2026-09-28T09:22:00Z
6290360092614,Medjool Dates Jumbo Premium,India House,,,,,,,,,,,unknown,,https://in.openfoodfacts.org/product/6290360092614/medjool-dates-jumbo-premium-india-house,2026-09-28T09:21:48Z
6290360092324,Organic Royal Quinoa Mixed Grain,India House,,,,,,,,,,,unknown,,https://in.openfoodfacts.org/product/6290360092324/organic-royal-quinoa-mixed-grain-india-house,2026-09-28T09:21:36Z
6290360092287,Organic Agave Syrup,India House,,,,,,,,,,,unknown,,https://in.openfoodfacts.org/product/6290360092287/organic-agave-syrup-india-house,2026-09-28T09:21:24Z
6290360092294,Organic Coconut Milk,India House,,,,,,,,,,,unknown,,https://in.openfoodfacts.org/product/6290360092294/organic-coconut-milk-india-house,2026-09-28T09:21:12Z
6290360092317,Organic Royal Quinoa White Grain,India House,,,,,,,,,,,unknown,,https://in.openfoodfacts.org/product/6290360092317/organic-royal-quinoa-white-grain-india-house,2026-09-28T09:21:00Z
6290360092300,Organic Virgin Coconut Oil,India House,,,,,,,,,,,unknown,,https://in.openfoodfacts.org/product/6290360092300/organic-virgin-coconut-oil-india-house,2026-09-28T09:20:48Z
6290360698441,Sunflower Oil,India House,,,,,,,,,,,unknown,,https://in.openfoodfacts.org/product/6290360698441/sunflower-oil-india-house,2026-09-28T09:20:36Z
6290360698434,Sunflower Oil,India House,,,,,,,,,,,unknown,,https://in.openfoodfacts.org/product/6290360698434/sunflower-oil-india-house,2026-09-28T09:20:24Z
6290360698427,Sunflower Oil,India House,,,,,,,,,,,unknown,,https://in.openfoodfacts.org/product/6290360698427/sunflower-oil-india-house,2026-09-28T09:20:12Z
6290360698410,Sunflower Oil,India House,,,,,,,,,,,unknown,,https://in.openfoodfacts.org/product/6290360698410/sunflower-oil-india-house,2026-09-28T09:20:00Z
6290360698991,Cooking & Frying Oil,India House,,,,,,,,,,,unknown,,https://in.openfoodfacts.org/product/6290360698991/cooking-frying-oil-india-house,2026-09-28T09:19:48Z
6290360694733,Pure Cow Desi Ghee,India House,,,,,,,,,,,unknown,,https://in.openfoodfacts.org/product/6290360694733/pure-cow-desi-ghee-india-house,2026-09-28T09:19:36Z
6290360694726,Pure Cow Desi Ghee,India House,,,,,,,,,,,unknown,,https://in.openfoodfacts.org/product/6290360694726/pure-cow-desi-ghee-india-house,2026-09-28T09:19:24Z
8909106000124,Real Mayonnaise,Hellmann's,Mayonnaises,500,7.5,3.75,0,,52.5,,,,unknown,,https://in.openfoodfacts.org/product/8909106000124/real-mayonnaise-hellmann-s,2026-09-28T09:19:16Z
6290360691732,Palm Olein Cooking Oil (Transpearant) Bottle,India House,,,,,,,,,,,unknown,,https://in.openfoodfacts.org/product/6290360691732/palm-olein-cooking-oil-transpearant-bottle-india-house,2026-09-28T09:19:12Z
8908006989515,Chocolate Chikki,Nutritius,Bars,487,55,38,5,24,19,3,0.4475,,e,,https://in.openfoodfacts.org/product/8908006989515/chocolate-chikki-nutritius,2026-09-28T09:19:09Z
6290360692852,Palm Olein Cooking Oil Tin,India House,,,,,,,,,,,unknown,,https://in.openfoodfacts.org/product/6290360692852/palm-olein-cooking-oil-tin-india-house,2026-09-28T09:19:00Z
6290360691749,Palm Olein Cooking Oil Jerry Can,India House,,,,,,,,,,,unknown,,https://in.openfoodfacts.org/product/6290360691749/palm-olein-cooking-oil-jerry-can-india-house,2026-09-28T09:18:48Z
6290360691756,Palm Olein Cooking Oil Jerry Can,India House,,,,,,,,,,,unknown,,https://in.openfoodfacts.org/product/6290360691756/palm-olein-cooking-oil-jerry-can-india-house,2026-09-28T09:18:36Z
8906006783065,Surabhi - no onion no garlic original tomato Ketchup,,Tomato Ketchup,135.1,33.37,32.29,,1.52,0.49,0.09,2.036275,,e,,https://in.openfoodfacts.org/product/8906006783065/surabhi-no-onion-no-garlic-original-tomato-ketchup,2026-09-28T09:18:25Z
6290360691800,Sunflower Cooking Oil Pet Bottle,India House,,,,,,,,,,,unknown,,https://in.openfoodfacts.org/product/6290360691800/sunflower-cooking-oil-pet-bottle-india-house,2026-09-28T09:18:24Z
6290360691701,Sunflower Cooking Oil Pet Square Bottle,India House,,,,,,,,,,,unknown,,https://in.openfoodfacts.org/product/6290360691701/sunflower-cooking-oil-pet-square-bottle-india-house,2026-09-28T09:18:12Z
6290360691725,Sunflower Cooking Oil Pet Square Bottle,India House,,,,,,,,,,,unknown,,https://in.openfoodfacts.org/product/6290360691725/sunflower-cooking-oil-pet-square-bottle-india-house,2026-09-28T09:18:00Z
8901719127366,Hide & Seek Choco Rolls,Parle,"Confectioneries, Biscuit (cookie) snack w chocolate filling",522,65.9,37,,4.6,26.7,12.6,0.245,4,e,"HIDE & SEEK CHOCO ROLLS INGREDIENTS CHOCO CREME (40%) [ SUGAR, REFINED OILS (PALMOLEIN PALM OIL), COCOA SOLIDS, EMULSIFIER OF VEGETABLE ORIGIN (SOY LECITHIN) AND ARTIFICIAL FLAVOURING SUBSTANCES VANILLA REFINED WHEAT FLOUR (MAIDA), SUGAR, REFINED PALM OIL, INVERT SUGAR SYRUP, COCOA SOLIDS, 1ODISED SALT RAISING AGENTS (500 (ii), 503 (11)] AND EMULSIFIER OF VEGETABLE ORIGIN [472e] CONTAINS ADDED FLAVOUR (ARTIFICIAL FLAVOURING SUBSTANCES VANILLA CONTAINS WHEAT, SOY BEAN)",https://in.openfoodfacts.org/product/8901719127366/hide-seek-choco-rolls-parle,2026-09-28T09:17:49Z
6290360691695,Sunflower Cooking Oil Pet Bottle W/H,India House,,,,,,,,,,,unknown,,https://in.openfoodfacts.org/product/6290360691695/sunflower-cooking-oil-pet-bottle-w-h-india-house,2026-09-28T09:17:48Z
6290360694757,Mayonnaise Regular,India House,,,,,,,,,,,unknown,,https://in.openfoodfacts.org/product/6290360694757/mayonnaise-regular-india-house,2026-09-28T09:17:36Z
6290360697604,Tomato Ketchup,India House,,,,,,,,,,,unknown,,https://in.openfoodfacts.org/product/6290360697604/tomato-ketchup-india-house,2026-09-28T09:17:24Z
00001232,Formula 2,Herbalife,Vitamin supplements,368,92,92,,0,0,,0.1775,,not-applicable,,https://in.openfoodfacts.org/product/00001232/formula-2-herbalife,2026-09-28T09:17:16Z
6290360694740,Tomato Ketchup 5Kg,India House,,,,,,,,,,,unknown,,https://in.openfoodfacts.org/product/6290360694740/tomato-ketchup-5kg-india-house,2026-09-28T09:17:12Z
6290360091976,Pancake Syrup,India House,,,,,,,,,,,unknown,,https://in.openfoodfacts.org/product/6290360091976/pancake-syrup-india-house,2026-09-28T09:17:00Z
6290360091860,Tomato Ketchup,India House,,,,,,,,,,,unknown,,https://in.openfoodfacts.org/product/6290360091860/tomato-ketchup-india-house,2026-09-28T09:16:48Z
6290360091853,Tomato Ketchup,India House,,,,,,,,,,,unknown,,https://in.openfoodfacts.org/product/6290360091853/tomato-ketchup-india-house,2026-09-28T09:16:36Z
6290360091846,Tomato Ketchup,India House,,,,,,,,,,,unknown,,https://in.openfoodfacts.org/product/6290360091846/tomato-ketchup-india-house,2026-09-28T09:16:24Z
6290360099668,White Vinegar,India House,,,,,,,,,,,unknown,,https://in.openfoodfacts.org/product/6290360099668/white-vinegar-india-house,2026-09-28T09:16:12Z
6290360099675,Lemon Juice Concentrate,India House,,,,,,,,,,,unknown,,https://in.openfoodfacts.org/product/6290360099675/lemon-juice-concentrate-india-house,2026-09-28T09:16:00Z
6290360091945,White Vinegar,India House,,,,,,,,,,,unknown,,https://in.openfoodfacts.org/product/6290360091945/white-vinegar-india-house,2026-09-28T09:15:48Z
6290360091938,White Vinegar,India House,,,,,,,,,,,unknown,,https://in.openfoodfacts.org/product/6290360091938/white-vinegar-india-house,2026-09-28T09:15:18Z
6290360092003,French Dressing,India House,,,,,,,,,,,unknown,,https://in.openfoodfacts.org/product/6290360092003/french-dressing-india-house,2026-09-28T09:15:00Z
6290360091921,Apple Vinegar,India House,,,,,,,,,,,unknown,,https://in.openfoodfacts.org/product/6290360091921/apple-vinegar-india-house,2026-09-28T09:14:48Z
6290360091990,Caesar Dressing,India House,,,,,,,,,,,unknown,,https://in.openfoodfacts.org/product/6290360091990/caesar-dressing-india-house,2026-09-28T09:14:36Z
6290360091983,1000 Island Dressing,India House,,,,,,,,,,,unknown,,https://in.openfoodfacts.org/product/6290360091983/1000-island-dressing-india-house,2026-09-28T09:14:24Z
6290360091907,Bbq Sauce Original,India House,,,,,,,,,,,unknown,,https://in.openfoodfacts.org/product/6290360091907/bbq-sauce-original-india-house,2026-09-28T09:14:12Z
6290360091891,Soy Sauce,India House,,,,,,,,,,,unknown,,https://in.openfoodfacts.org/product/6290360091891/soy-sauce-india-house,2026-09-28T09:14:00Z
6290360091884,Soy Sauce,India House,,,,,,,,,,,unknown,,https://in.openfoodfacts.org/product/6290360091884/soy-sauce-india-house,2026-09-28T09:13:48Z
6290360092027,Ranch Dressing,India House,,,,,,,,,,,unknown,,https://in.openfoodfacts.org/product/6290360092027/ranch-dressing-india-house,2026-09-28T09:13:36Z
6290360092010,Italian Dressing,India House,,,,,,,,,,,unknown,,https://in.openfoodfacts.org/product/6290360092010/italian-dressing-india-house,2026-09-28T09:13:24Z
6290360091877,Hot Sauce,India House,,,,,,,,,,,unknown,,https://in.openfoodfacts.org/product/6290360091877/hot-sauce-india-house,2026-09-28T09:13:12Z
6290360091952,Chocolate Syrup,India House,,,,,,,,,,,unknown,,https://in.openfoodfacts.org/product/6290360091952/chocolate-syrup-india-house,2026-09-28T09:13:00Z
6290360091969,Strawberry Syrup,India House,,,,,,,,,,,unknown,,https://in.openfoodfacts.org/product/6290360091969/strawberry-syrup-india-house,2026-09-28T09:12:48Z
6290360695969,Apricot Jam,India House,,,,,,,,,,,unknown,,https://in.openfoodfacts.org/product/6290360695969/apricot-jam-india-house,2026-09-28T09:12:36Z
6290360091839,Mayonnaise,India House,,,,,,,,,,,unknown,,https://in.openfoodfacts.org/product/6290360091839/mayonnaise-india-house,2026-09-28T09:12:24Z
6290360091822,Mayonnaise,India House,,,,,,,,,,,unknown,,https://in.openfoodfacts.org/product/6290360091822/mayonnaise-india-house,2026-09-28T09:11:14Z
6290360091815,Mayonnaise,India House,,,,,,,,,,,unknown,,https://in.openfoodfacts.org/product/6290360091815/mayonnaise-india-house,2026-09-28T09:11:02Z
6290360692807,Strawberry Jam,India House,,,,,,,,,,,unknown,,https://in.openfoodfacts.org/product/6290360692807/strawberry-jam-india-house,2026-09-28T09:10:50Z
6290360692821,Pineapple Jam,India House,,,,,,,,,,,unknown,,https://in.openfoodfacts.org/product/6290360692821/pineapple-jam-india-house,2026-09-28T09:10:38Z
6290360692814,Mix Fruit Jam,India House,,,,,,,,,,,unknown,,https://in.openfoodfacts.org/product/6290360692814/mix-fruit-jam-india-house,2026-09-28T09:10:26Z
6290360692838,Orange Jam,India House,,,,,,,,,,,unknown,,https://in.openfoodfacts.org/product/6290360692838/orange-jam-india-house,2026-09-28T09:10:14Z
6290360096568,Peanut Butter Crunchy,India House,,,,,,,,,,,unknown,,https://in.openfoodfacts.org/product/6290360096568/peanut-butter-crunchy-india-house,2026-09-28T09:10:02Z
6290360096575,Peanut Butter Crunchy,India House,,,,,,,,,,,unknown,,https://in.openfoodfacts.org/product/6290360096575/peanut-butter-crunchy-india-house,2026-09-28T09:09:50Z
6290360095479,Tomato Paste (Glass Jar),India House,,,,,,,,,,,unknown,,https://in.openfoodfacts.org/product/6290360095479/tomato-paste-glass-jar-india-house,2026-09-28T09:09:26Z
6290360095486,Tomato Paste (Can),India House,,,,,,,,,,,unknown,,https://in.openfoodfacts.org/product/6290360095486/tomato-paste-can-india-house,2026-09-28T09:09:02Z
6290360095493,Tomato Paste (Can),India House,,,,,,,,,,,unknown,,https://in.openfoodfacts.org/product/6290360095493/tomato-paste-can-india-house,2026-09-28T09:08:50Z
6290360094311,Pineapple Slices,India House,,,,,,,,,,,unknown,,https://in.openfoodfacts.org/product/6290360094311/pineapple-slices-india-house,2026-09-28T09:08:38Z
6290360094304,Pineapple Slices,India House,,,,,,,,,,,unknown,,https://in.openfoodfacts.org/product/6290360094304/pineapple-slices-india-house,2026-09-28T09:08:26Z
6290360096544,Peanut Butter Creamy,India House,,,,,,,,,,,unknown,,https://in.openfoodfacts.org/product/6290360096544/peanut-butter-creamy-india-house,2026-09-28T09:08:14Z
6290360094298,Pineapple Slices,India House,,,,,,,,,,,unknown,,https://in.openfoodfacts.org/product/6290360094298/pineapple-slices-india-house,2026-09-28T09:08:02Z
6290360691961,Tropical Fruit Cocktail,India House,,,,,,,,,,,unknown,,https://in.openfoodfacts.org/product/6290360691961/tropical-fruit-cocktail-india-house,2026-09-28T09:07:50Z
6290360691954,Tropical Fruit Cocktail,India House,,,,,,,,,,,unknown,,https://in.openfoodfacts.org/product/6290360691954/tropical-fruit-cocktail-india-house,2026-09-28T09:07:32Z
6290360691947,Tropical Fruit Cocktail,India House,,,,,,,,,,,unknown,,https://in.openfoodfacts.org/product/6290360691947/tropical-fruit-cocktail-india-house,2026-09-28T09:07:20Z
6290360091716,Whole Kernel Sweet Corn,India House,,,,,,,,,,,unknown,,https://in.openfoodfacts.org/product/6290360091716/whole-kernel-sweet-corn-india-house,2026-09-28T09:07:08Z
6290360091709,Baked Beans In Tomato Sauce,India House,,,,,,,,,,,unknown,,https://in.openfoodfacts.org/product/6290360091709/baked-beans-in-tomato-sauce-india-house,2026-09-28T09:06:56Z
6290360091693,Baked Beans In Tomato Sauce,India House,,,,,,,,,,,unknown,,https://in.openfoodfacts.org/product/6290360091693/baked-beans-in-tomato-sauce-india-house,2026-09-28T09:06:44Z
6290360091686,Processed Peas,India House,,,,,,,,,,,unknown,,https://in.openfoodfacts.org/product/6290360091686/processed-peas-india-house,2026-09-28T09:06:32Z
6290360091662,Red Kidney Beans,India House,,,,,,,,,,,unknown,,https://in.openfoodfacts.org/product/6290360091662/red-kidney-beans-india-house,2026-09-28T09:06:20Z
6290360091648,Foul With Chilli,India House,,,,,,,,,,,unknown,,https://in.openfoodfacts.org/product/6290360091648/foul-with-chilli-india-house,2026-09-28T09:06:08Z
6290360091655,Hommos Tahina,India House,,,,,,,,,,,unknown,,https://in.openfoodfacts.org/product/6290360091655/hommos-tahina-india-house,2026-09-28T09:05:56Z
6290360091631,Fava Beans With Chick Peas,India House,,,,,,,,,,,unknown,,https://in.openfoodfacts.org/product/6290360091631/fava-beans-with-chick-peas-india-house,2026-09-28T09:05:44Z
6290360091624,Foul Medammas,India House,,,,,,,,,,,unknown,,https://in.openfoodfacts.org/product/6290360091624/foul-medammas-india-house,2026-09-28T09:05:32Z
6290360091679,Chick Peas,India House,,,,,,,,,,,unknown,,https://in.openfoodfacts.org/product/6290360091679/chick-peas-india-house,2026-09-28T09:05:20Z
6290360092072,Mackerel In Salt Water,India House,,,,,,,,,,,unknown,,https://in.openfoodfacts.org/product/6290360092072/mackerel-in-salt-water-india-house,2026-09-28T09:05:08Z
6290360090931,Mackerel In Oil,India House,,,,,,,,,,,unknown,,https://in.openfoodfacts.org/product/6290360090931/mackerel-in-oil-india-house,2026-09-28T09:04:56Z
6290360090948,Mackerel In Hot & Spicy,India House,,,,,,,,,,,unknown,,https://in.openfoodfacts.org/product/6290360090948/mackerel-in-hot-spicy-india-house,2026-09-28T09:04:44Z
6290360092065,Mackerel In Tomato Sauce,India House,,,,,,,,,,,unknown,,https://in.openfoodfacts.org/product/6290360092065/mackerel-in-tomato-sauce-india-house,2026-09-28T09:04:32Z
